<?xml version="1.0" encoding="UTF-8"?>
<project-private xmlns="http://www.netbeans.org/ns/project-private/1">
    <editor-bookmarks xmlns="http://www.netbeans.org/ns/editor-bookmarks/2" lastBookmarkId="0"/>
    <open-files xmlns="http://www.netbeans.org/ns/projectui-open-files/2">
        <group>
            <file>file:/home/furlan/Downloads/LP2_Atividade_AlunoProfessor-master/src/pkg19_02_lp2_alunoprofessor/Main.java</file>
            <file>file:/home/furlan/Downloads/LP2_Atividade_AlunoProfessor-master/src/pkg19_02_lp2_alunoprofessor/EntradaDeDados.java</file>
            <file>file:/home/furlan/Downloads/LP2_Atividade_AlunoProfessor-master/src/pkg19_02_lp2_alunoprofessor/DAO.java</file>
        </group>
    </open-files>
</project-private>
